MPAC001,ACIDE CITRIQUE
MPAC001-FP,ACIDE CITRIQUE
MPAC003,ACIDE STEARIQUE
MPAC004,SODIUM PHYTATE
MPAC005,EMERSOL 7036
MPAC006,MALIC ACID
MPAC007,ACIDE GLYCOLIQUE 70%
MPAC008,ACIDE SALICYLIQUE
MPAC009,ACIDE LACTIC 88%
MPAC010,MELATONINE USP
MPAC011-ID,ACIDE STEARIQUE
MPAC012,ACIDE CITRIQUE CANUS
MPAC013-SI,SECRETS ID ACIDE CITRIQUE
MPAF001,SAVEUR DE POMEGRANATE
MPAL001,ETHANOL 95%
MPAL002,ETHOXYL D'ALCOOL C12
MPAL003,ETHANOL 70%
MPAL004,ALCOOL ISOPROPYLIQUE 99%
MPAL005,ALCOOL ISOPROPYLIQUE 70%
MPAL006-JPL,ETHYL ALCOHOL SDAG-3
MPAL007,SORBITOL
MPAL008,ALCOOL ETHYLIQUE 95%
MPAL009-ID,ALCOOL DE GRAIN
MPAL010,ASDQ-20 95%
MPAL011,ALCOHOL 190 USP
MPAL012,ALCOOL D'UTILITÉ
MPAL014,DENATURED ALCOHOL-ABIES BALSAMEA
MPAN001,D PANTHENOL
MPAN001-JPL,PANTHENOL 50%
MPAN001-V,D PANTHENOL
MPAN003,VITAMINE E ACETATE (POUDRE)
MPAN004,VITAMINE E ACETATE (LIQUIDE)
MPAN004-JPL,VITAMINE E
MPAN005,LAIT DE CHEVRE FRAIS
MPAN006,ALLANTOINE
MPAN007,PROPYLENE GLYCOL
MPAN008,GOAT MILK POWDER
MPAN009,HYDROVITON PLUS 510027
MPAN010,PELEMOL P 810
MPAN011-V,ZEMES SELECT PROPANDIOL
MPAN012,SPAN 60
MPAN012-V,SPAN-60-PW-(MW)
MPAN013-V,RETINOLSOME
MPAN014,DL PANTHENOL POWDER
MPAN015-JPL,BENZOPHENONE-4
MPAN016,TOCOPHERYL ACETATE 
MPAN017,TOCOPHERYL ACETATE
MPAN018,RETINYL PALMITATE
MPAN019,COLLOIDAL OATMEAL 11-065
MPAN020,HYDROXYPROPYL TRIMONIUM WHEAT PROTEIN
MPAN021,HYDROXYPROPYL TRIMONIUM WHEAT STARCH
MPAN022,GLB OAT EXTRACT GL
MPAN023-ID,VITAMINE E
MPAN024,MELASSE FANTAISIE GRANDMA
MPAN025,MELASSE VERTE BLACKSTRAP
MPAN026,TECH-O #12-060
MPAN027,CROMOIST WQ-PW
MPAN028,MENTHOL
MPAN029,HEXYLENE GLYCOL
MPAN030,VITAMINE A PALMITATE 1.0
MPAN031-ID,ARGILE VERTE
MPAN032-ID,ARGILE ROSE
MPAN033-ID,ARGILE BLANCHE
MPAN034,CROSILK 1000-LQ 
MPAN035,HYDROLIZED WHEAT PROTEIN
MPAN036,VITAMINE F
MPAN037,UREA
MPAN038,CHOLESTEROL
MPAN039,MENTHOL
MPAN040,DRIELINE 1S
MPAN041,MOIST 24H
MPAN042,SIROP D'ÉRABLE
MPAN043-SI,VITAMIN PRO B5
MPAN044,ZINCLEAR IM 50 CCT
MPAN045,TECH-O 11-065
MPAN046,OAT LIPID E
MPAO001,TINOGARD TS
MPAO002,TINOGARD TT
MPAO003,METABISULFITE DE SOUDE
MPAO004,SULFITE DE SOUDE
MPAO005,TINOGARD Q
MPAR001,POLYQUTA 550
MPAR002,COVABSORB
MPAR004,HYDROVANCE
MPAR005,SENSIVA SC 50
MPAR005-V,SENSIVA SC 50
MPAR006,POLYQUATERNIUM 10
MPAR007,UCARE POLYMER JR--30M
MPAR008,NET-DG 
MPAR008-V,NET-DG 
MPAR009-V,GLUCAM E-20
MPAR010-V,LIPONIC EC-1
MPAR011-JPL,CROTEIN AD ANHYDROUS
MPAR012-JPL,GANTREZ ES-225
MPAR013-JPL,CROTEIN K
MPAR014,MELHYDRAN LS 9876
MPAR015,PEG 20 ALMOND GLYCERIDES
MPAR016,GUAR HYDROXYPROPYL TRIMONIUM CHLORIDE
MPAR017,QUATERNIUM 15
MPAR018,PANTHENOL PRO VIT B5
MPAR019,POLYQUATERNIUM 7
MPAS004,KERATOLINE
MPAS006,SOYTENSOR LS 9811
MPAS007-KSC,ACTIF KS COSMETICS 01
MPAS008-KSC,ACTIF KS COSMETICS 02
MPAS009-KSC,ACTIF KS COSMETICS 03
MPAS010-KSC,ACTIF KS COSMETICS 04
MPAS011-KSC,ACTIF KS COSMETICS 05
MPAS012,SODIUM HYALURONATE 1%
MPAS013,CAMPHOR
MPAS014,NIACINNAMIDE VIT B3
MPAS015,TEGOSORB CONC 50
MPAS016,SODIUM HYALURONATE POWDER
MPAS017,HOTACT VBE
MPAS018,HYGROPLEX HHG
MPAS019,COLAMULSE PCMX
MPAST01,LAROSTAT 264 A
MPBR001,TIMICA SPARKLE 110P
MPBR002,RONASTAR NOBLE SPARKS 017459
MPBR003,FLAMENCO SPARKLES GOLD 220J
MPBR004,RONASTAR GOLDEN SPARKS 017042
MPBR005,EUPERLAN PK-810
MPBR006,TRI PEARL
MPBR007,FLAMENCO WINTER SPARKLE 130Q
MPBR008-ID,MICA
MPBV001,BEURRE DE KARITE
MPBV002,BEURRE DE KARITE
MPBV002-FP,BEURRE DE KARITE
MPBV003-V,CEGESOFT SB
MPBV004,CETIOL SB-45
MPBV005,BEURRE DE KARITÉ
MPBV006-CLJ,BEURRE DE KARITÉ CLAJAN
MPBV007-ID,ID BEURRE DE KARITÉ
MPBV008-ID,BEURRE DE MANGUE
MPBV009,COCOA BUTTER WHITE
MPBV010-CLJ,BEURRE MONOI VANILLE
MPBV011-CLJ,BEURRE MONOI TIARÉ
MPCA001,CARBOPOL AQUA SF 1 POLYMER
MPCA002,CARBOPOL ULTREZ 21 POLYMER
MPCA003,CARBOPOL ULTREZ 20 POLYMER
MPCA003-V,CARBOPOL ULTREZ 20 POLYMER
MPCA005,CARBOPOL ULTREZ 10
MPCA005-FP,CARBOPOL ULTREZ 10
MPCA006-V,CLEAR HA-100
MPCA007-V,SIMULGEL NS
MPCA008-V,RONA CARE ASC III
MPCA009-V,ARISTOFLEX AVC
MPCA010-V,CARBOPOL 980
MPCA011-JPL,LUVISKOL K-30
MPCA012-JPL,GAFQUAT 734
MPCA013-JPL,POLYGLYCOL P-2000
MPCA014,CARBOPOL AQUA SF 1 POLYMER
MPCA015,NATROSOL 250 HHX PH
MPCA016,PVP/VA S360
MPCA017,PVP K30
MPCA018,DRY FLO PURE 28-1850
MPCA019,PVP/VA W-735
MPCH001,TETRASODIUM EDTA
MPCH002,POTASSIUM HYDROXIDE
MPCH002-V,POTASSIUM HYDROXIDE
MPCH003,SODIUM HYDROXIDE 50%
MPCH003-FP,SODIUM HYDROXIDE 50%
MPCH004,SODIUM METASILICATE
MPCH006,DISODIUM EDTA 
MPCH006-FP,DISODIUM EDTA 
MPCH006-V,DISODIUM EDTA 
MPCH007,CHLORURE DE SODIUM
MPCH008,TEA 99%
MPCH009,NATRLQUEST E30
MPCH010,METHOCEL 40 202
MPCH010-V,METHOCEL 40 202
MPCH011,SODIUM GLUCONATE
MPCH012,SODIUM CITRATE
MPCH013,POTASSIUM PHOSPHATE
MPCH014,DIPOTASSIUM PHOSPHATE
MPCH015,TRISTAT SDHA
MPCH016,METHOCEL 40-0100
MPCH017-ID,BICARBONATE DE SOUDE
MPCH018,MINERAUX MARIN CANADIENS
MPCH019-SI,SODIUM BICARBONATE
MPCH020-SI,SODIUM CHLORIDE
MPCM001,BAYPURE CX 100/34%
MPCO001-1,BLEU 1
MPCO002,CARAMEL 105
MPCO003,JAUNE 5
MPCO003-1,JAUNE 5
MPCO004,JAUNE 6
MPCO004-1,JAUNE 6
MPCO005-1,JAUNE 10
MPCO005-2,JAUNE 10
MPCO006-1,ROUGE 33
MPCO006-2,ROUGE 33
MPCO007,VERT 5
MPCO007-1,VERT 5
MPCO007-2,VERT 5
MPCO008-1,ROUGE 4
MPCO008-2,ROUGE 4
MPCO009-1,BRUN 1
MPCO009-2,BRUN 1
MPCO010,HA AZURE BLUE 20CA2342 50% LIQUIDE
MPCO011-1,COLORANT GREEN LINKS SPORT
MPCO012-1,ACID BLUE 9 50% LIQUID 752041555
MPCO013-1,VERT 3
MPCO014-1,GREEN A7225 50%
MPCO015-1,GREEN LS LIQ WASHABLE 
MPCO016-1,COLORANT CARAMEL BROWN LC 816 SOL 5%
MPCO017-1,ROUGE 17K7007 OIL SOLUBLE
MPCO018-1,JAUNE 11 (1205 OIL SOLUBLE)
MPCO019-1,KOBO BLACK OD75BJE
MPCO020-1,NAPTURE FILM AP
MPCO021-SI,ORANGE #4 CI-15510
MPDI001,ACETONE
MPEA001,EAU DU ROBINET
MPEA002,EAU PURIFIEE
MPEA003-R,EAU ST JUSTIN
MPEA003-R-FP,EAU ST JUSTIN
MPEA004-ID,EAU HAMMAMELIS
MPEM001,CETIOL CC
MPEM001-FP,CETIOL CC
MPEM003,LEXEMUL 515
MPEM004,GMS SE (GLYCERYL STEARATE)
MPEM004-V,GMS SE (GLYCERYL STEARATE)
MPEM005,EGMS
MPEM006,ISOCETYL PALMITATE
MPEM007,PALMESTER IPP 1517
MPEM008,CAPRYLYL GLYCOL
MPEM011,EUMULGIN HPS
MPEM012,OLETH 10
MPEM013,POLYSORBATE 80
MPEM014,SOLUBILIZER 611674
MPEM015,EUMULGIN SG
MPEM016,CETIOL C 5
MPEM017,CETEARYL ALCOHOL
MPEM017-FP,CETEARYL ALCOHOL
MPEM018,SPHINGOCERYL VEG LS 8712
MPEM019,CUTINA GMS V
MPEM019-FP,CUTINA GMS V
MPEM020,ISOPROPYL PALMITATE
MPEM020-FP,LEXOL IPP
MPEM021,SOLUBILISANT LRI
MPEM021-V,SOLUBILISANT LRI
MPEM022,KMO-6
MPEM022-V,KMO-6
MPEM023,CUTINA AGS
MPEM024,UCON FLUID 75-H-450
MPEM024-V,UCON FLUID 75-H-450
MPEM025-V,ARLACEL 164-PW-(AP)
MPEM026-V,ELOCOL C1650
MPEM027-V,CEGESOFT C24
MPEM028-V,CRODAMOL PTIS
MPEM029-V,LIPO SS
MPEM030-V,PLANDOOL-H
MPEM031-V,AKOLINE MCM
MPEM032,MASESTER E 1160
MPEM033,PEG-8
MPEM034,POLYSORBATE 60
MPEM035,SORBITAN STEARATE
MPEM036,EUMULGIN B-1
MPEM037-JPL,AMP-95
MPEM038,RESSASOL VPF
MPEM039,OLIVEM 100
MPEM040,MYRITOL 312
MPEM041,MYRISTYL ALCOHOL
MPEM042,LECIGEL
MPEM043,CREMEPHOR RH 40
MPEM044,OLIVEM 300
MPEM045,EUMULGIN CO 40
MPEM046,BRIJ S2
MPEM047,BRIJ S721
MPEM048,OLIVEM 1000
MPEM049,INUTEC SP1
MPEM050,CRODAMOL PMP
MPEM051,IPM
MPEM052,POLYRHEO GMS 
MPEM053,HALLSTAR EGDS 
MPEM054,PLURONIC L64
MPEM055,LIPOCOL CS 604
MPEM056,COMPRITOL 888 CG PELLETS
MPEM057,LANETTE N
MPEM058,BEHBENTRIMONIUM METHOSULFATE & CETEARYL ALCOHOL
MPEM059,EUMULGIN B-2
MPEM060,STEARYL ALCOHOL
MPEM061,EMULIUM DELTA
MPEM062,LIPOPEG 6000 DS
MPEM063-SI,PEG-7 OLIVATE
MPEM064-SI,TWEEN 80
MPEM065,JEECOL LA-2
MPEM066,MYRITOL 312
MPEM067,PENRECO SNOW WHITE USP
MPEM068,LIPOCOL S-20
MPEM069,TWEEN 80
MPEM070,LUNA-MER 40TP
MPEN001,SAVINASE 16L 
MPEP001,PEG 40 STEARATE
MPEP002,NOVEMER EC 2 POLYMER
MPEP003,HYDRAMOL PGDS ESTER
MPEP003-V,HYDRAMOL PGDS ESTER
MPEP004,KELTROL CG SFT
MPEP005,VEEGUM ULTRA GRANULE
MPEP006,GLUCAMATE VTL
MPEP007,PEG-7 GLYCERYL COCOATE
MPEP008,CASTOR OIL LIPOVOL CO
MPEP009,GUAR GUM COSMETIC GRADE
MPEP010,COMPERLAN IP
MPEP011,KAOLIN COLLOIDAL 2457
MPEP012,RATHIPIX A-100
MPEP013,SIMULGEL EG
MPEP014,BENTONE GL GTCC V
MPEP015,BIO SPECTRA LUN MER 40TP
MPEX018,ALOE 200X
MPEX018-JPL,ALOE VERA GEL 1: 199
MPEX019,EXTRAIT HUILE ORCHIDEE
MPEX020,EXTRAIT COCKTAIL DE FRUITS
MPEX021,MEDULAT D'OLIVIER
MPEX022,SPHINGOCERYL VEG LS 9948
MPEX023,EXTRAIT TOURNESOL BIO
MPEX024,EXTRAIT BAMBOO BIO
MPEX025,PHYTOLEX SC
MPEX025-V,PHYTOLEX SC
MPEX026-V,NUTMEG EXTRACT
MPEX027-V,LYSOFIX DRY
MPEX028-V,CACAO COLOR
MPEX029,"EXTRAIT TILLEUL, CYPRES ET MARRON D'INDE"
MPEX030-JPL,GENTIAN EXTRACT
MPEX031-JPL,CAMOMILLE EXTRACT
MPEX032-JPL,COMFREY EXTRACT
MPEX033,EXTRAIT DE YUCCA N 17557-WS
MPEX034,EXTRAIT CORIANDRE
MPEX035,EXTRAIT CARDAMOME
MPEX036,EXTRAIT MYRRHA CELL
MPEX037,EXTRAIT JUS DE BETTERAVE
MPEX038,GEL ALOE VERA 10%
MPEX039,MENTHOL CRISTALISÉ
MPEX040,EUCALYPTUS 100739
MPEX041,EXTRAIT CAMOMILLE
MPEX042,EXTRAIT D'ALOES 
MPEX043,HUILE ESSENTIELLE ROMARIN TUNISIE 28081
MPEX044-ID,HYDROLAT DE CISTE
MPEX045-ID,FÉCULE DE MARANTE
MPEX046-ID,HUILE ROSE MUSQUÉE
MPEX047-ID,HUILE D'AVOCAT
MPEX048-ID,HUILE DE MORENGA
MPEX049-ID,HUILE ESSENTIELLE PALMA ROSA
MPEX050-ID,HUILE ESSENTIELLE SARO
MPEX051-ID,HUILE ESSENTIELLE MYRRHE
MPEX052-ID,HUILE ESSENTIELLE BOIS DE ROSE
MPEX053-ID,HUILE ESSENTIELLE CISTE
MPEX054-ID,HUILE ESSENTIELLE ROSE DE DAMAS
MPEX055-ID,HUILE ESSENTIELLE BOIS DE SANTAL
MPEX056-ID,HUILE ESSENTIELLE YLANG YLANG
MPEX057-ID,HUILE ESSENTIELLE GERANIUM
MPEX058-ID,GEL ALOES
MPEX059,RED SPRUCE BARK EXTRACT
MPEX060,HEMLOCK BARK EXTRACT
MPEX061,PRICKLY ASH BARK EXTRACT
MPEX062,CUCUMBER FRUIT EXTRACT 
MPEX063,EXTRAIT VITA CHERRY
MPEX064-ID,HYDROLAT THÉ LABRADOR
MPEX065-ID,HUILE TANAISIE ANNUELLE
MPEX066-ID,HYDROLAT ROSE
MPEX067-ID,HYDROLAT LAVANDE AGUSTIFOLIA
MPEX068-ID,HUILE DE CAROTTE
MPEX069-ID,HYDROLAT CAMOMILLE ROMAINE
MPEX070-ID,HYDROLAT NÉROLI
MPEX071-ID,HYDROLAT DE MENTHE
MPEX072-ID,HYDROLAT ROMARIN
MPEX073,CORN FLOWER EXTRACT
MPEX074-CLJ,VANILLE ABSOLUE
MPEX075,POMEGRANATE EXTRACT
MPEX076,WHEAT GERM EXTRACT
MPEX077,SOLU-MAR NATIVE
MPEX078,LEGANCE
MPEX079,COMMON NOURISHING BLEND
MPEX080,REGIME SPECIFIC BLEND
MPEX081,BERACLAY RED
MPEX082,AROMATIC CUCUMBER EXTRACT
MPEX083,VEGETOL CP GR049 HYDRO
MPEX084,CANADIAN WILLOWHERB 5% CLEAR
MPEX085,CROPEPTIDE W WHEAT TEIN W LIQUID
MPEX086,SOYTENSOR LS9811
MPEX087,REGIME SPECIFIC PROCURE
MPEX088,REGIME SPECIFIC HYDRAMEND
MPEX089,REGIME SPECIFIC BODYDENSE
MPEX090,REGIME SPECIFIC BLEND VV CURLS
MPEX091,REGIME SPECIFIC CURALIGN
MPEX092,REGIME SPECIFIC STRONG FORCE
MPEX093,REGIME SPECIFIC NORMADENSE FEMME
MPEX094,REGIME SPECIFIC SNOB BOYS
MPEX095,REGIME SPECIFIC LUMIÈRE HIGH CURE
MPEX096,REGIME SPECIFIC DETOXCURE
MPEX097,AVENA SATIVA (OAT) KERNEL EXTRACT
MPFL001,AROME DE VANILLE
MPFR001,PARFUM PECHE AIGRE DOUCE
MPFR002,PARFUM PECHE DOUCE 4685
MPFR006,PARFUM OLIVE TFF
MPFR007,PARFUM EVITA FRAGRANCE
MPFR008,PARFUM MOUNTAIN AIR
MPFR010,PARFUM BEBE CAROTTE
MPFR011,PARFUM POIS DE SENTEUR
MPFR012,PARFUM ORCHIDEE 8110449
MPFR013,PARFUM LAVANDIN GROSSO
MPFR014,PARFUM FRESH ORIGINAL
MPFR015,PARFUM MELODIE EN BLANC
MPFR016,PARFUM LOTUS NENUPHAR
MPFR017,PARFUM RYTHME TROPICAL
MPFR018,PARFUM TULIPE
MPFR019,PARFUM BLEU MEDITERRANNEE
MPFR020,PARFUM CTRE 08/0021013 CORIANDRE
MPFR021,PARFUM GINGEMBRE 08/0021012
MPFR022,PARFUM ORANGE & ANISE 1883
MPFR023,PARFUM PELLEGRINO WITH LIME CH 21599
MPFR024,PARFUM MOONLIT SPRINGS R12-3982
MPFR025,PARFUM ORANGE VERT 2MF 195025
MPFR027,PARFUM ORANGE CANTALOUP FC1804/2
MPFR028,PARFUM SEA SALT FLOWER A REV.2 2013050481
MPFR029,PARFUM FLEUR DE THYM ET SAUGE REV.4 2012110901
MPFR030,PARFUM MANGO ET GIN EDT R08-1059
MPFR031,PARFUM GRAPEFRUIT GUAVA MOD UO167602/00
MPFR032,PARFUM POIRE WILLIAM REV1 07BA101051
MPFR033,PARFUM POMME ROUGE REV 1 07BA080450
MPFR034,PARFUM SIMPLY ADDICTIVE SORBET A MF178315
MPFR035,PARFUM SEA SALT FLOWER A REV.2 2 2013050481
MPFR036,PARFUM OREGANO ET VERBENA UT267536/00
MPFR037,PARFUM LAVENDER 
MPFR038,PARFUM PAMPLEMOUSSE GIVRE MENTHE SAUVAGE 07BA110558 
MPFR039,PARFUM CUCUMBER BERRY BLOSSOM MF190089
MPFR040,PARFUM ANDALUSIAN CITRON ESPUMANTE REV.3 2012100371
MPFR041,PARFUM AZURE 2012070202
MPFR042,PARFUM LAVANDIN GROSSO 340946 FRAG
MPFR043,PARFUM POIRE WILLIAM CANDLE REV1 2008110209
MPFR044,PARFUM MONOI R10 1853 EXFOLIANT
MPFR045,PARFUM SOOTHING LAVENDER 2013030847
MPFR046,PARFUM MANDARINE & BASIL LEAF TWO UAC09057/00
MPFR047,PARFUM BLUE CTE 08/0021014
MPFR048,PARFUM SUMMER SOLTICE AB043919
MPFR049,PARFUM ALLEGRA STABILITY MOD 1 2575
MPFR050,PARFUM ALLEGRA CH18731 (FEMME HUMAN)
MPFR051,PARFUM COQUELICOT BLANC REV1 1 2011110789
MPFR052,PARFUM CUCINA FIG R13 44806
MPFR053,PARFUM PEACH BLOSSOM R13 4642
MPFR054,PARFUM FRAISE 4080
MPFR055,PARFUM MYRTILLE 92F253
MPFR056,PARFUM MIDNIGHT ORCHID
MPFR057,PARFUM BLACK JASMINE REV1. 2012100688
MPFR058,PARFUM ORANGE VERT 2 MF195025
MPFR059,PARFUM SOOTHING LAVENDER REV.1 2013100113
MPFR060,PARFUM CRANBERRY AMBER R09 0719
MPFR061,PARFUM PATISSERIE 2012120104
MPFR062,PARFUM CHARDONNAY MOD R13 0667
MPFR063,PARFUM PINK PEPPER SPICE R12 4614
MPFR064,PARFUM ALMOND MACAROON R14 4777
MPFR064-1,PARFUM ALMOND MACAROON R14-4777
MPFR065,PARFUM SILVER PETALS 4F MF 198746
MPFR066,PARFUM EVERGREEN AROMATIC UT262385/00
MPFR067,PARFUM GUIRLANDE DE HOUX 08BA030634
MPFR068,PARFUM SIMPLY ADDICTIVE SORBET B MF 180661
MPFR069,PARFUM SUNDRENCHED TONIC
MPFR069-V,PARFUM SUNDRENCHED TONIC
MPFR070,PARFUM SKY GREEN FT 6005034
MPFR071,PARFUM WHILE YOU SLEEP
MPFR071-V,PARFUM WHILE YOU SLEEP
MPFR072,PARFUM CELERI R14-2126
MPFR073,PARFUM CLEMENTINE-GING 2009110230
MPFR074,PARFUM KALE & BERGAMOTE 2014050458
MPFR075,PARFUM LITCHEE NECTAR SZ83043
MPFR076,PARFUM APRICOT A REV 1 2014060660
MPFR077,PARFUM GUIRLANDE DE HOUX (HAND SOAP) 2008050178
MPFR078,PARFUM MYSTIQUE MOD 1 R08-1617
MPFR079,PARFUM ZUCHINI FLOW TRUF 03BA03155 PA
MPFR080,PARFUM ROSE PETALS SYNTH
MPFR081,PARFUM MONOI DE TAHITI FC-1697/1
MPFR082,PARFUM OPULENT RED WINE 2015010598
MPFR083,PARFUM BERRY ENERGY REV1 2015030430
MPFR084,PARFUM WARM HONEY 2015010584 REV 2
MPFR085,PARFUM ORANGE & ANIS MOD K RO9-3173
MPFR086,PARFUM BLUE R13-5514
MPFR087,PARFUM MONOI R15-1232
MPFR088-JPL,PARFUM KIWI 4404
MPFR089-JPL,PARFUM CERISE 1426-30
MPFR090,PARFUM RYTHME TROPICAL R10-3319
MPFR091,PARFUM AMAZON RAIN MOD CE-165537
MPFR092,PARFUM FRESHEN UP REV 1 2015060571
MPFR093,PARFUM PROVENCAL GREEN TEA R11-4168
MPFR094,PARFUM HAWAIIAN HIBISCUS 16-15-66609
MPFR095,PARFUM CE#169-252 DETERGENT BAR
MPFR096,PARFUM CITRON # 1567
MPFR097,PARFUM LAVANDE 
MPFR098,PARFUM CAMOMILLE
MPFR099,PARFUM THE CONCOMBRE
MPFR100,PARFUM KIWI MANGUE
MPFR101,PARFUM LAIT DE CHEVRE
MPFR102,PARFUM BEURRE DE KARITÉ
MPFR103,PARFUM SEABREEZE
MPFR104,PARFUM PECHE
MPFR105,PARFUM VANILLE
MPFR106,PARFUM MIEL & AMANDE
MPFR107,PARFUM FRAICHEUR OLD SPICE
MPFR108,PARFUM AVEENO APAISANT
MPFR109,PARFUM ALOE 400ML JAR
MPFR110,PARFUM VITAMINE E JAR 400ML
MPFR111,PARFUM BEURRE DE KARITÉ JAR 400ML
MPFR112,PARFUM TYPE NIVEA KS COSMETICS
MPFR113,METHYL SALICYLATE
MPFR114,PARFUM MOROCAN OIL 115M14 KS COSMETICS
MPFR115,PARFUM KS COSMETICS GLYCERINE MISS CLAIRE
MPFR116,PARFUM MOROCAN OIL 115M14 KSC
MPFR117,PARFUM TULIPE CH17224
MPFR118,PARFUM FRUITS OF THE ORCHARD MOD 4 R09-4055
MPFR119,PARFUM ORANGE CANNELLE 1029/9#
MPFR120,PARFUM RYTHME TROPICAL R10-3319
MPFR121,PARFUM JACOB
MPFR122,PARFUM CHERRY ORCHID & GUAVA CE-164837
MPFR123,PARFUM FABRIC REFRESHER T-6155
MPFR124,PARFUM LINEN & COTTON W/NT
MPFR125,PARFUM BAIN MOUSSANT
MPFR126,PARFUM AVEENO TYPE
MPFR127,PARFUM SHEA 3521-1BK
MPFR128,FRAGRANCE SOZIO SZ-17155
MPFR129,PARFUM NATURAL SOMNEA MOD 4 R16-2327
MPFR130,PARFUM PROCURE 4022-R5
MPFR131,PARFUM CURALIGN CODE #4331
MPFR132,PARFUM ALPEN SECRETS
MPFR133,PARFUM TUBEROSE GARDENIA 16-16-69791
MPFR134,PARFUM 5W-30
MPFR135,PARFUM BABY BALLOUNE
MPFR136,PARFUM CROQUE DANS UNE POMME
MPFR137,PARFUMS LES MAINS BALADEUSES
MPFR138,PARFUM SATSUMA & TRALALA
MPFR139,PARFUM PROCURE CODE #4022-R5
MPFR140,PARFUM HYDRAMEND CODE #4023
MPFR141,PARFUM VICE-VERSA CURLS CODE #4282
MPFR142,PARFUM LUMIÈRE HIGH-CURE CODE #4438
MPFR143,PARFUM STRONGFORCE CODE #6090
MPFR144,PARFUM NORMADENSE WOMEN/FEMME CODE #4142
MPFR145,PARFUM NORMADENSE MEN (SNOBBOYS) CODE #4380-R4
MPFR146,PARFUM BODYDENSE CODE #4442
MPFR147,MENTHA PIPERITA (PEPPERMINT) OIL CODE #8006-90-4
MPFR148,PARFUM DELAGAR
MPFR149,PARFUM POMEGRANATE PEAR 16-16-69780
MPFR150,PARFUM GEL WAX KEEP IT HANDSOME
MPFR151,FRAGRANCE R15-4935
MPFR152,PARFUM SPF 30 VG SOLUTION
MPFR153,PARFUM BLUE SAGE & SEA SALT PERSONAL CARE SZ47450
MPFR154,PARFUM ALLEGRA SHOWER GEL AND BODY CREAM R14-0627
MPFR155,PARFUM COQUELICOT BLANC BATH 201306070
MPFR156,PARFUM CRISP WINTER NIGHTS F-4193
MPFR157,PARFUM SPARKLING PEAR CHAMPAGNE REV 1 2017040359
MPGL002,GLYCERINE VEGETALE K USP
MPGL002-FP,GLYCERINE VEGETALE K USP
MPGL002-V,GLYCERINE VEGETALE K USP
MPGL003,GLUCAN REAL
MPGL003-V,GLUCAN REAL
MPGL004-ID,GLYCERINE VEGETALE
MPGL005,FLORAESTERS K-20W
MPGL006,CERAPHYL 41
MPGL007-SI,SECRETS ID GLYCERINE
MPGL008,SORBITOL 70%
MPGO001,GOMME DE XANTHANE FCC
MPGO003-V,KELTROL F
MPGO004,SUCRE GRANULE FIN
MPGO005,KELTROL CG-SFT
MPGO006,ABIES BALSAMEA (CANADIAN TURPENTINE)
MPGO007,VANATURAL
MPGO008,REBAUDIOSIDE A (STEVIA)
MPGO009-ID,GOMME DE XANTHANE
MPGO010-ID,FECULE DE MARENTE
MPGO011,STEVIA BLANC
MPGO012-SI,GUAR GUM
MPGR001,LIPO APS 40/60 APRICOT SEED
MPGR002,PUMICE GRADE 3
MPGR003,TAPIOCA PURE
MPGR004,SYNSCRUB 164 SF
MPGR005,KERATOLINE C PS
MPHE007,HUILE ESSENTIELLE MENTHE POIVREE
MPHE008,HUILE ESSENTIELLE LAVANDE OFFICINAL
MPHE009,HUILE ESSENTIELLE COMPOSÉ
MPHE010,HUILE ESSENTIELLE CARDAMONENE 05681
MPHE011-ID,HUILE ESSENTIELLE MENTHA SPICATA
MPHE012-ID,HUILE ESSENTIELLE LAVANDULA ANTIGUSTIFOLA
MPHE013-ID,HUILE ESSENTIELLE VETIVERIA ZIZANOIDES
MPHE014-ID,HUILE ESSENTIELLE BOIS DE HO
MPHE015-ID,HUILE ESSENTIELLE PALMA ROSA
MPHE016-ID,HUILE ESSENTIELLE CANANGA ODORATA
MPHE017-ID,HUILE ESSENTIELLE DE CEDRE
MPHE018-ID,HUILE ESSENTIELLE SAUGE SCALÉE
MPHE019-ID,HUILE ESSENTIELLE CAMOMILLE NOBLE
MPHE020-ID,HUILE ESSENTIELLE ROMARIN VERBENONE
MPHE021-ID,HUILE ESSENTIELLE MENTHA SPICATA
MPHE022-ID,HUILE ESSENTIELLE GAULTHERIE
MPHE023-ID,HUILE MYRTHE VERT
MPHE024-ID,HUILE ESSENTIELLE HELICHRYSE
MPHE025-ID,HUILE ESSENTIELLE BOIS DE SANTAL
MPHE026-ID,HUILE DE ROSE MUSQUÉE
MPHE027,Huile essentielles Menthe poivrée
MPHE028,HUILE ESSENTIELLE TANGERINE
MPHE029,HUILE ESSENTIELLE DE LAVANDE
MPHE030,HUILE ESSENTIELLE SAPIN BAUMIER
MPHM001,HUILE MINERALE
MPHU001,GLUCONO-DELTA LACTONE
MPHV004,HUILE D'AMANDE DOUCE
MPHV006,SOY BEAN OIL
MPHV010,CALENDULA OIL
MPHV010-JPL,CALENDULA EXTRACT
MPHV011,HUILE D'ARGAN
MPHV012,PALM OIL
MPHV013,HUILE D'OLIVE VIERGE (PURE NF 310AA310)
MPHV014,PLANNELL OIL 15020LNZ AC Olive Oil Unsaponifiables 
MPHV015,HUILE DE COCONUT
MPHV015-FP,HUILE DE COCONUT
MPHV016,HUILE DE PEPIN DE RAISIN
MPHV017,SUNFLOWER OIL RBDW
MPHV018-V,LECINOL S-10
MPHV019-V,HYDRESIA G2
MPHV020-V,MACADAMIA NUT OIL
MPHV021,MONOI DE TAHITI (NON PARFUME)
MPHV022,CEGESOFT HF52
MPHV022-FP,CEGESOFT HF52
MPHV023,HUILE CANOLA
MPHV024,SUNFLOWER SEED OIL
MPHV025,SOYABEAN OIL
MPHV026,LIPEX SHEA LIGHT
MPHV027,CASTOR OIL /LIPOVOL CO
MPHV028,HUILE DE CAROTTES
MPHV029-KSC,OIL KS COSMETICS 1
MPHV030-KSC,OIL KS COSMETICS 02
MPHV031-ID,HUILE D'ARGAN
MPHV032,ORCHID OIL EXTRACT
MPHV033-ID,HUILE DE PÉPINS DE RAISINS
MPHV034-ID,HUILE DE JOJOBA
MPHV035-ID,HUILE DE MACADAMIA
MPHV036-ID,HUILE D'AMANDE DOUCE
MPHV037-ID,HUILE DE NOIX DE COCO
MPHV038-CLJ,HUILE DE KARITÉ
MPHV039-CLJ,HUILE DE JOJOBA
MPHV040,POMEGRANATE SEED OIL
MPHV041,JOJOBA OIL
MPHV042,CANOLA OIL
MPHV043,PALM FRUIT OIL
MPHV044-CLJ,OLEINE DE KARITÉ
MPHY001,OCTYLDODECYL OLIVATE
MPJJ001,JUS DE CITRON
MPMI001,MULTIMENERAL COMPLEX IV
MPMI001-FP,MULTIMENERAL COMPLEX IV
MPMI002,IMPERIAL 250 USP
MPMI002-FP,IMPERIAL 250 USP
MPMI003-V,NATURAL HG
MPMI004,TEGODEO HY77
MPMI005,VASELINE BLANCE
MPMO001,CETYL PALMITATE PELLETS
MPOP001,ACUSOL OP 301
MPPO001,COSMEDIA SP
MPPO001-FP,COSMEDIA SP
MPPR003,POTASSIUM SORBATE
MPPR004,EUXYL PE 9010
MPPR005,DMDM HYDANTOIN
MPPR006,PROPYL PARABEN
MPPR007,METHYL PARABEN
MPPR007-FP,METHYL PARABEN
MPPR008,PHENONIP
MPPR009,SODIUM BENZOATE
MPPR010,DEHYQUART A CA
MPPR011-R,MCI-MIT
MPPR011-R-V,MCI-MIT
MPPR012,PHENOXYETHANOL
MPPR012-FP,PHENOXYETHANOL
MPPR013,GEOGUARD ULTRA
MPPR014,BHT
MPPR014-FP,BHT
MPPR015,PHENOXYETHANOL
MPPR016-V,BUTYLENE GLYCOL
MPPR017,SUTTOCIDE A
MPPR017-FP,SUTTOCIDE A
MPPR018,SENSIVA PA 20
MPPR019,METHYL PARABEN SODIQUE
MPPR020,EUXYL K 900
MPPR021,DIAZOLIDINYL UREA
MPPR022,OPTIPHEN PLUS
MPPR023,GERMABEN 2
MPPR024,MICROCARE SB
MPPR025-ID,SODIUM BENZOATE
MPPR026,DOWICIL 200
MPPR027,MICROCARE BNA
MPPR028,CHLORHEXDINE GLUCONATE 20%
MPPR029,SENSIVA PA 20
MPPR030,SODIUM ACID SULFATE
MPPR031-ID,ALCOOL BENZYLIQUE
MPPR032,CIBAFAST H LIQUID
MPPR033,LIQUID GERMALL PLUS
MPPR034,LEXGUARD NATURAL
MPPR035-SI,OPTIPHEN PLUS
MPPR036,PHENBAL
MPPR037,SPECTRASTAT
MPPR038,BUTYL PARABEN
MPPR039,BENZYL ALCOOL
MPPV001,PROTÉINE VÉGÉTALE
MPSI003,SILTECH 605
MPSI004,SILTECH 350
MPSI005-V,SILICONE SF-98 100CS
MPSI006-V,NS76S(25)
MPSI007,AEROSIL 200#
MPSI007-FP,AEROSIL 200#
MPSI008,XIAMETER PMS 0344
MPSI008-FP,XIAMETER PMS 0344
MPSI009-JPL,SILSURF D-212 CG
MPSI010-JPL,SILTECH D-212 CG
MPSI011,SILICONE SF 96 100 CS
MPSI012,XIAMETER PMX-0345
MPSI013,CHEMSIL CF 1406-OH
MPSI014,CHEMSIL CF 0515-OH
MPSI015,VOLASIL 7525/DC 345
MPSI016,XIAMETER PMX 200 SIL FLUID 350CS
MPSI017,SILISENSE COPOLYOL-1
MPSO001,GLYCOL ETHER EB
MPSO002,CETIOL HE
MPSO003,TRANSCUTOL CG
MPSO004,DIPROPYLENE GLYCOL
MPSO005,MOD
MPST001,COVASORB EW
MPSU001,AMPHOSOL 1 C
MPSU002,LAMESOFT PO 65
MPSU006,POLYSORBATE 20
MPSU006-JPL,PROTASORB L-20
MPSU007,SULFOCHEM AOS K 
MPSU008,SULFOCHEM EA 2
MPSU009,COCAMIDOPROPYL BETAIN
MPSU009-JPL,COCAMIDOPROPYL BETAINE
MPSU010,LANETTE E
MPSU010-FP,LANETTE E
MPSU011,OLIVE OIL SURFACTANT
MPSU013,SODIUM LAURYL SULFATE
MPSU014,VAN-WET NP-9
MPSU015,STEPAN MILD BSB
MPSU016,ES-2
MPSU017,COLALIQUID DC
MPSU018,COLATERIC SLAA
MPSU019,COCAMIDE DEA
MPSU021,Glyceryl Stearate and PEG-100 Stearate
MPSU021-FP,Glyceryl Stearate and PEG-100 Stearate
MPSU023,CUTINA PES
MPSU024,AMIDET N
MPSU025,MIAMI PCG
MPSU025-V,MIAMI PCG
MPSU026,ELOTANT BT 200
MPSU026-V,ELOTANT BT 200
MPSU027,MICOPOL CME(F)
MPSU027-V,MICOPOL CME(F)
MPSU028,AMINOCOAT
MPSU028-V,AMINOCOAT
MPSU029,RHODAPON LSB
MPSU030-V,MIPEARL MCT
MPSU031-V,NANOCERAMIDE
MPSU032-V,LANETTE 22
MPSU033-V,DS-CERAMIDE Y30
MPSU034-V,KONION PEG- 4000F
MPSU035,RHODAPEX ES 2K
MPSU036,DEHYDOL LS 3 DEO N
MPSU036-FP,DEHYDOL LS 3 DEO N
MPSU037,MIRACARE BT
MPSU038,LEVENOL H&B
MPSU039,MACKAM 35 UL
MPSU040,SURFACTANT OU RECUPERATION DE SAVON
MPSU041,GLUCOPON 625 UP
MPSU042,COCAMIDE MEA
MPSU043,MYRISTAMINE OXIDE
MPSU044,SODIUM LAURYL SULFATE POWDER
MPSU045,SLES 270
MPSU046,TEGO BETAIN 810
MPSU047,PLANTAREN 2000 N UP
MPSU048,STIRAMIDE 110
MPSU049,DEHYQUART GUARD N
MPSU050,SLES 270
MPSU051,BTC 50
MPSU052,MACKAM 2C
MPSU053,LEXQUAT C
MPSU054,PROMIDIUM-2-LQ (AP)
MPSU055,OLIVE OIL SURFACTANT
MPSU056-ID,DECYL GLUCOSIDE
MPSU057,SLS POWDER
MPSU058,PLANTAREN 1200 N
MPSU059,CALSOFT AOS 40
MPSU060,CARSOQUAT CT-429
MPSU061,CRODASINIC LS 30 KC
MPSU062,VARISOFT BT 85 PELLETS J
MPSU063,DOW CORNING SURFACTANT 193
MPSU064,PLANTAPON SF
MPSU065,AMISOFT ESC-22SB
MPSU066,TRI TEX COCAMIDOPROPYL BETAINE
MPSU067-SI,SECRETS ID COCAMIDOPROPYL BETAINE
MPSU068-SI,DECYL GLUCOSIDE 
MPSU069,STEOL CS 270
MPSU070,VARISOFT TA 100
MPTA001,OLYMPIC H USP
MPUV001,TINOGARD HS
MPWA001,CETYL ALCOHOL
MPWA002,STEARYL ALCOHOL
MPWA005,EMULGADE PL 68/50
MPWA005-FP,EMULGADE PL 68/50
MPWA006,CASTOR WAX
MPWA007,CETYL ALCOOL
MPWA007-FP,CETYL ALCOOL
MPWA008-V,PHYTOWAX OLIVE12L44
MPWA009-V,MIPEARL CO
MPWA010-V,DOW CORNING 2501 COSMETIC WAX
MPWA011-ID,CIRE EMULSIFIANTE
MPWA012,LANETTE 14
MPWA012-ID,CIRE DE CANDELLILA
MPWA013,EMULIUM KAPPA 2
MPWA014,LIPOCIRE A SG
MPWA015,BEESWAX
MPWA016,ACTICIRE
MPWA017,CANDELILLA WAX PRILLS JR-1040
MPWA018,CARNAUBA WAX
MPWA019,SUNFLOWER WAX 258G
MPWA020,ENHANS SB-63
MPWA021,STEARYL ALCOHOL
MPWA022,PROMULGEN D
MPWA023,CASTOR WAX FLAKES
